CONS_NO,FLAG,FEEDER,2025/1/1,2025/1/2,2025/1/3,2025/1/4,2025/1/5,2025/1/6,2025/1/7,2025/1/8,2025/1/9,2025/1/10,2025/1/11,2025/1/12,2025/1/13,2025/1/14,2025/1/15,2025/1/16,2025/1/17,2025/1/18,2025/1/19,2025/1/20,2025/1/21,2025/1/22,2025/1/23,2025/1/24,2025/1/25,2025/1/26,2025/1/27,2025/1/28,2025/1/29,2025/1/30,2025/1/31,2025/2/1,2025/2/2,2025/2/3,2025/2/4
DEMO-001,1,F-1,12.335,10.86,11.46,11.336,12.568,12.424,12.941,11.009,11.813,10.872,11.325,12.013,10.864,11.277,12.36,12.108,11.329,12.214,12.743,10.816,1.528,1.497,1.394,1.341,1.572,1.393,1.323,1.324,1.54,1.47,1.528,1.506,1.45,1.576,1.405
DEMO-002,1,F-1,14.125,14.791,14.284,14.868,14.186,14.491,12.91,13.347,13.495,12.992,13.359,13.042,13.467,14.326,13.676,13.688,13.303,13.441,15.048,14.355,4.298,4.351,7.498,5.979,7.263,4.673,4.438,4.211,7.726,6.054,7.21,4.58,5.603,5.713,5.531
DEMO-003,1,F-1,15.326,17.194,16.023,15.018,14.913,15.063,16.306,16.701,15.813,14.952,15.716,17.191,16.07,17.131,16.866,14.828,16.53,16.436,16.089,15.44,1.961,1.808,1.901,1.907,2.051,2.028,1.852,1.92,1.827,2.039,2.027,1.862,1.96,1.951,1.82
DEMO-004,1,F-1,18.63,18.095,18.669,18.073,16.801,17.578,16.847,19.03,18.909,18.796,17.538,16.939,18.907,19.073,17.006,17.966,16.966,18.625,18.638,17.108,7.444,8.923,5.586,8.486,5.937,8.538,7.235,5.425,7.511,5.484,7.456,9.05,5.117,7.829,5.016
DEMO-005,1,F-1,21.045,20.171,19.934,20.683,20.738,19.257,19.033,19.835,19.817,19.921,20.55,20.416,21.162,19.036,19.766,19.614,20.868,19.397,19.257,19.877,2.378,2.336,2.328,2.522,2.384,2.504,2.414,2.271,2.544,2.497,2.535,2.523,2.5,2.304,2.396
DEMO-006,1,F-1,21.313,21.762,20.941,21.71,23.165,21.436,22.682,21.892,21.815,23.098,23.189,22.134,22.524,21.172,21.512,23.125,22.19,22.101,22.595,20.937,8.9,6.791,6.332,9.104,7.187,10.904,9.163,8.375,9.032,7.173,7.242,9.82,7.421,6.143,12.035
DEMO-007,1,F-1,25.191,22.976,23.312,23.436,25.04,24.914,24.91,23.687,23.179,24.801,24.488,24.268,25.169,24.37,22.819,24.761,23.519,24.392,25.053,23.122,2.769,2.767,2.895,2.814,2.91,2.943,2.795,2.919,2.812,2.877,2.997,2.98,2.763,2.858,2.816
DEMO-008,1,F-1,24.809,26.651,26.329,25.429,26.579,26.124,25.826,24.823,24.981,26.919,26.969,26.109,26.803,26.198,25.155,25.106,25.54,26.958,26.711,26.866,8.438,7.133,13.743,11.243,13.315,14.589,13.759,11.708,13.547,13.609,8.827,7.538,13.65,12.54,8.848
DEMO-009,1,F-1,12.709,11.346,10.857,11.264,11.588,12.874,13.121,11.47,12.34,11.759,13.155,12.087,13.054,11.077,13.129,11.229,13.11,11.437,11.06,11.843,1.506,1.386,1.471,1.443,1.407,1.462,1.369,1.5,1.296,1.563,1.451,1.503,1.51,1.489,1.401
DEMO-010,1,F-1,12.968,14.394,13.592,13.553,14.835,14.527,13.521,13.542,13.78,13.766,13.51,13.105,13.809,15.057,14.426,14.967,14.277,13.522,14.115,12.801,5.112,6.335,5.325,5.218,7.314,3.638,6.175,6.741,6.598,4.132,4.159,7.039,4.857,4.413,5.764
DEMO-011,1,F-1,15.386,16.375,14.813,16.602,16.648,15.056,15.82,15.222,17.099,16.043,14.921,15.398,16.836,15.896,16.723,16.402,17.171,16.229,17.08,16.939,1.952,1.983,1.921,2.015,1.934,2.034,1.99,1.913,1.851,1.847,1.96,1.997,1.926,1.957,1.855
DEMO-012,1,F-1,16.986,17.486,17.452,17.567,18.096,17.132,17.355,18.465,18.495,16.954,17.778,18.102,17.798,17.296,17.808,18.972,18.202,18.469,18.856,18.637,4.46,8.399,10.103,8.444,7.805,5.473,4.617,7.989,5.322,5.167,4.721,7.441,7.468,6.653,6.155
DEMO-013,0,F-1,19.308,19.584,20.627,19.71,20.605,20.797,19.405,18.997,18.847,20.095,21.2,19.64,20.36,20.675,20.364,20.61,21.079,19.278,18.849,19.166,19.103,20.407,20.154,19.323,20.479,20.641,19.203,20.257,20.595,19.075,20.766,21.115,19.059,18.862,19.549
DEMO-014,0,F-1,22.426,23.1,21.752,22.516,20.982,22.457,22.305,21.045,22.654,22.841,22.241,21.091,23.161,22.678,21.633,21.828,21.689,22.014,21.619,22.839,22.774,21.053,23.106,22.325,22.789,22.498,21.845,22.561,23.117,21.448,22.74,22.092,21.96,21.845,22.554
DEMO-015,0,F-1,23.444,24.844,24.794,23.008,24.916,23.385,23.915,24.265,23.71,22.869,24.842,23.236,23.309,24.715,23.617,24.913,24.483,23.463,22.824,25.075,23.005,24.528,23.973,24.62,24.457,24.35,23.978,24.703,23.023,23.332,24.46,23.535,24.196,23.936,24.074
DEMO-016,0,F-1,25.821,26.59,25.594,26.487,25.45,25.403,25.09,25.262,25.087,26.086,26.629,25.244,25.319,25.962,26.539,27.144,26.059,25.479,25.041,25.266,25.346,25.231,24.834,26.082,25.458,27.138,26.128,26.474,25.103,26.884,25.978,26.895,26.178,25.927,25.857
DEMO-017,0,F-1,11.242,10.923,13.059,11.947,12.773,11.762,10.978,12.311,10.929,11.158,12.151,11.529,13.185,11.084,12.635,12.255,12.698,11.342,12.054,11.881,11.863,12.864,13.176,11.533,12.29,12.263,12.576,13.074,11.299,11.306,12.385,11.177,11.217,10.98,10.806
DEMO-018,0,F-1,13.881,14.225,13.499,13.356,14.497,14.487,13.89,14.45,15.017,14.691,14.3,14.387,15.041,13.82,14.107,14.354,14.98,14.784,12.971,13.198,13.538,14.597,14.166,13.493,13.098,14.453,14.479,15.062,14.001,13.985,12.993,12.896,13.837,13.574,13.401
DEMO-019,0,F-1,15.019,17.109,16.806,16.18,17.082,17.199,16.413,15.447,14.897,16.615,15.929,16.364,16.999,15.236,16.205,16.323,15.98,15.019,15.635,15.6,16.408,16.859,15.592,16.465,15.492,17.068,16.753,16.12,15.892,15.555,15.576,17.128,15.77,16.035,17.171
DEMO-020,0,F-1,18.378,18.102,17.792,17.25,17.668,18.615,18.301,18.624,17.289,18.118,19.026,17.851,18.476,17.091,19.136,18.261,17.374,17.18,18.122,18.125,17.024,19.181,18.991,17.907,17.082,18.797,17.996,18.52,18.021,17.456,18.803,19.153,17.385,18.123,17.721
DEMO-021,0,F-2,21.012,20.02,20.91,20.874,19.463,20.696,19.796,21.042,20.019,20.769,19.479,19.517,20.209,21.197,19.975,19.157,20.093,19.628,20.125,20.104,19.893,19.572,19.253,20.474,20.172,19.361,20.661,18.905,20.587,20.493,20.747,19.727,20.393,20.77,21.154
DEMO-022,0,F-2,21.989,20.889,22.005,22.216,22.887,22.898,21.857,22.062,21.897,22.534,21.784,22.371,21.17,21.927,23.126,21.613,22.462,22.36,22.844,22.846,22.862,21.712,21.56,22.525,22.623,22.894,20.886,20.964,22.315,23.01,23.194,22.592,21.842,21.036,22.321
DEMO-023,0,F-2,24.894,23.865,24.466,24.968,22.91,24.711,23.504,23.7,23.149,24.075,24.158,24.702,23.208,22.99,24.89,24.287,23.378,24.991,23.143,23.907,23.41,23.413,22.823,24.731,24.963,24.426,23.179,23.86,23.629,24.21,24.333,23.818,23.4,24.829,23.278
DEMO-024,0,F-2,25.723,25.96,25.369,26.173,26.18,27.182,25.509,27.147,26.38,25.459,26.158,26.446,26.587,24.918,26.255,25.992,26.97,25.487,26.717,26.257,25.646,26.328,26.29,26.427,26.53,26.382,26.812,26.308,26.968,26.351,25.541,25.858,26.191,26.558,25.016
DEMO-025,0,F-2,11.508,12.594,11.222,11.117,12.095,13.132,12.074,12.992,12.793,11.417,12.779,11.956,12.736,12.592,11.613,11.076,13.111,11.138,13.12,12.864,12.538,13.152,13.121,12.731,11.678,12.698,10.833,12.088,11.891,12.415,12.414,12.203,12.774,13.057,11.06
DEMO-026,0,F-2,13.361,12.86,14.922,14.147,14.997,13.331,12.952,14.777,14.983,13.525,13.78,13.135,15.071,13.53,13.982,13.033,14.929,13.126,13.889,14.409,14.584,15.07,13.806,14.581,13.171,13.796,13.038,13.974,13.779,15.084,12.879,13.689,13.864,15.081,14.853
DEMO-027,0,F-2,15.038,16.446,16.107,17.147,15.661,15.756,15.256,15.093,16.835,15.891,16.391,16.34,16.233,14.851,16.688,15.385,15.102,16.155,14.965,16.636,15.297,15.318,16.887,15.589,15.154,16.961,14.807,16.86,15.147,15.112,15.402,15.219,16.387,14.862,14.836
DEMO-028,0,F-2,18.696,17.371,17.577,17.218,16.926,18.58,18.063,18.59,17.943,18.667,18.032,17.062,18.009,19.069,16.904,18.68,18.881,18.051,17.899,19.114,16.946,17.95,17.764,18.447,17.977,18.983,16.976,16.994,18.26,16.958,17.46,18.319,18.116,17.58,19.187
DEMO-029,0,F-2,20.073,19.889,20.253,19.038,20.484,20.847,20.362,20.646,20.53,19.316,19.884,19.348,19.613,19.888,19.798,19.028,19.824,20.396,19.698,19.166,21.015,18.961,20.796,19.024,19.032,20.573,20.748,20.135,20.208,20.148,19.591,19.093,19.649,20.397,20.601
DEMO-030,0,F-2,22.883,22.531,23.124,22.241,21.644,22.187,21.311,22.376,21.338,21.06,22.829,21.682,22.63,22.178,22.737,22.828,23.139,22.764,22.273,22.342,20.863,23.03,22.791,21.442,21.233,22.486,21.542,21.616,20.815,22.888,22.159,21.762,21.14,22.32,20.874
DEMO-031,0,F-2,24.591,23.316,23.808,23.618,23.688,24.532,24.664,24.162,23.004,22.926,23.178,24.283,24.418,23.453,24.389,23.966,23.861,23.456,24.612,23.073,23.832,23.48,24.428,23.968,24.401,22.909,23.749,24.238,22.818,23.523,23.307,23.129,23.413,23.587,22.819
DEMO-032,0,F-2,26.593,25.222,25.712,26.489,26.001,26.8,26.735,24.973,26.868,24.902,24.845,27.011,26.869,26.182,26.176,26.503,25.802,25.076,24.85,25.579,26.723,26.284,26.797,27.007,25.012,26.827,25.384,26.213,26.058,25.75,25.545,25.615,25.599,25.204,26.025
DEMO-033,0,F-2,11.074,12.024,12.974,11.639,12.546,12.765,12.756,11.367,11.151,11.273,12.246,12.625,12.373,11.225,12.655,11.986,12.611,12.624,11.877,13.018,12.155,12.325,12.299,12.874,12.305,11.162,10.964,11.861,11.527,11.459,10.935,12.018,11.545,11.885,10.937
DEMO-034,0,F-2,14.796,12.984,14.874,14.853,14.276,14.017,13.911,14.13,14.7,14.95,13.879,14.744,14.364,13.572,13.942,13.162,12.948,13.048,14.958,13.624,14.514,14.011,13.214,13.395,13.851,13.855,14.055,13.181,13.695,13.479,13.781,13.612,14.235,14.694,14.354
DEMO-035,0,F-2,14.958,15.027,16.428,15.482,16.537,16.376,16.975,16.896,15.6,16.199,15.139,15.64,17.122,16.476,15.741,16.228,17.051,15.543,15.704,16.7,16.752,16.408,16.79,16.573,16.445,16.063,16.35,15.816,15.668,15.67,15.233,15.314,17.074,15.967,15.344
DEMO-036,0,F-2,17.13,16.985,18.827,17.043,18.65,18.804,18.921,16.891,17.608,18.639,17.115,17.704,17.189,18.795,18.651,18.742,17.197,17.85,17.786,18.423,17.37,17.866,17.484,18.596,17.877,18.082,17.543,18.741,17.926,18.804,17.683,19.073,19.163,17.908,17.476
DEMO-037,0,F-2,19.716,20.066,21.119,20.761,20.723,19.132,19.4,20.339,20.898,20.131,19.046,20.83,20.843,19.484,20.631,19.455,20.973,19.154,19.85,21.071,19.333,19.883,19.639,18.864,18.928,20.005,19.366,21.187,19.7,18.868,21.034,20.814,20.36,20.699,19.13
DEMO-038,0,F-2,21.489,22.791,22.471,21.133,22.493,21.877,20.813,20.99,21.414,22.804,22.117,22.545,22.067,21.067,21.491,21.523,20.915,21.808,22.705,21.897,21.066,22.972,22.232,20.839,22.037,21.381,21.145,21.83,22.276,21.377,21.8,22.394,21.005,23.139,20.962
DEMO-039,0,F-2,24.063,24.018,25.172,24.13,23.737,23.928,24.326,25.154,23.409,22.839,24.692,23.628,24.559,24.308,24.652,24.564,23.598,22.906,24.11,24.752,23.22,24.67,23.915,24.469,24.316,24.748,22.951,24.663,23.898,23.504,22.905,23.279,22.901,25.04,24.037
DEMO-040,0,F-2,27.174,26.103,25.408,26.608,25.259,25.657,26.674,26.878,25.597,25.099,25.683,26.935,26.584,26.947,25.728,27.137,25.991,25.994,27.018,26.046,26.723,26.545,24.989,26.246,26.774,26.109,25.571,24.992,26.386,25.536,26.246,25.823,26.455,25.644,24.902
DEMO-041,0,F-3,12.888,11.646,13.196,11.459,13.152,13.075,10.98,12.33,11.672,12.723,12.431,13.087,11.143,12.258,12.675,10.884,10.961,12.668,11.679,11.719,12.161,12.252,12.43,13.077,11.693,12.631,12.177,12.071,11.755,12.359,11.399,11.072,12.566,11.998,11.729
DEMO-042,0,F-3,14.148,13.428,13.425,13.871,15.191,13.485,15.0,13.979,13.094,14.847,13.885,14.957,13.868,13.011,14.437,14.829,13.567,13.634,12.956,14.101,14.939,14.843,14.508,15.026,14.33,14.705,14.021,13.091,13.282,13.133,14.697,12.863,14.13,13.685,14.729
DEMO-043,0,F-3,16.124,16.269,15.007,15.542,17.199,16.525,16.062,16.646,16.776,14.977,17.134,16.342,15.88,16.432,15.627,16.907,16.673,16.336,15.237,17.119,15.838,16.986,14.933,15.098,15.167,15.195,15.574,16.502,15.63,17.058,16.948,16.83,15.401,16.324,16.122
DEMO-044,0,F-3,17.1,17.527,18.08,18.006,17.205,19.06,17.17,18.381,18.53,18.252,18.822,18.153,18.781,16.868,16.909,18.339,18.184,18.363,18.641,17.8,18.334,17.995,18.305,17.495,19.096,17.959,18.731,18.444,17.514,16.975,16.944,17.855,17.962,17.29,18.256
DEMO-045,0,F-3,19.55,20.524,20.562,20.866,21.141,19.114,19.689,20.148,19.566,19.92,19.442,19.395,19.032,19.497,19.722,20.277,19.396,20.877,19.183,19.586,20.186,19.551,20.631,19.996,20.035,19.997,19.54,18.856,21.069,20.013,21.12,19.316,19.647,18.921,19.988
DEMO-046,0,F-3,22.918,22.37,21.929,22.088,22.833,21.834,22.918,22.546,22.633,21.678,21.761,22.169,21.267,22.128,20.976,22.01,22.635,21.471,23.174,22.433,21.085,23.14,21.745,22.708,21.614,23.053,22.612,21.278,22.022,22.0,20.909,21.129,21.599,21.937,21.897
DEMO-047,0,F-3,24.255,24.037,23.587,24.271,23.19,25.177,24.574,23.518,23.607,24.788,24.078,24.501,23.519,24.758,23.684,24.417,25.152,24.201,24.712,24.541,24.451,22.864,23.939,25.121,24.679,24.663,24.186,24.531,24.2,23.209,24.31,24.287,24.819,23.155,24.434
DEMO-048,0,F-3,24.876,27.076,25.064,24.845,25.553,25.163,26.457,25.785,26.66,27.009,26.895,26.566,24.949,25.131,25.298,25.58,26.389,26.061,25.553,25.216,26.989,25.622,25.65,26.653,26.53,26.344,26.464,26.264,25.261,25.392,26.139,25.34,27.135,25.514,25.494
DEMO-049,0,F-3,11.297,12.492,11.561,11.637,13.041,12.709,11.456,11.092,12.424,11.711,13.152,12.764,13.091,12.731,11.497,11.49,12.514,11.631,11.862,11.415,11.95,11.285,12.093,13.039,12.471,11.129,12.278,12.208,11.382,12.408,12.074,12.331,10.926,11.792,12.522
DEMO-050,0,F-3,13.041,14.65,12.812,14.121,15.03,13.777,15.044,14.908,13.946,13.279,15.113,13.571,14.35,14.979,13.015,14.178,14.084,14.535,15.048,14.992,13.22,14.917,13.222,15.007,15.193,13.753,13.989,15.048,15.109,15.022,14.904,12.822,14.163,13.058,15.159
DEMO-051,0,F-3,15.483,17.174,16.104,15.985,17.053,16.843,15.923,15.263,15.07,15.19,15.901,15.417,15.247,16.568,16.698,16.163,16.617,15.221,16.855,16.953,16.785,16.037,15.008,16.406,15.243,15.137,15.577,15.395,15.426,15.365,16.609,17.09,15.525,16.535,14.827
DEMO-052,0,F-3,18.369,18.463,16.949,17.084,17.536,17.773,18.006,18.948,18.489,17.546,17.082,18.999,17.508,18.275,17.326,17.121,17.168,18.595,18.254,17.798,18.118,17.93,18.09,18.394,17.324,17.394,18.611,18.896,16.996,17.872,18.489,16.987,18.154,16.948,18.114
DEMO-053,0,F-3,20.013,20.174,19.16,19.587,20.049,19.079,19.293,20.2,19.018,20.025,20.741,19.888,20.032,19.896,18.939,19.91,20.737,20.536,19.75,20.759,20.59,20.188,18.909,19.627,18.953,21.186,21.043,18.966,21.041,18.876,19.781,20.646,20.638,21.148,20.35
DEMO-054,0,F-3,21.809,23.183,21.718,22.887,22.976,21.702,22.439,22.388,22.094,22.368,21.635,21.228,22.089,22.069,22.547,21.334,20.808,20.855,21.516,22.416,22.107,22.077,22.776,21.394,21.631,21.462,23.05,22.54,21.071,22.743,21.806,22.639,22.921,20.838,21.295
DEMO-055,0,F-3,23.042,22.881,24.235,24.488,22.917,24.577,23.765,23.362,23.321,24.873,22.935,24.009,23.494,24.758,24.556,23.565,24.235,24.414,23.57,23.524,23.144,24.385,23.331,23.521,22.946,25.076,24.911,24.988,24.302,23.825,23.989,25.133,25.06,24.411,24.686
DEMO-056,0,F-3,25.565,25.799,25.158,25.704,26.611,25.936,26.838,25.522,26.498,26.734,26.995,26.15,27.123,26.137,25.122,25.383,25.288,26.352,27.013,26.833,25.022,26.539,25.257,25.444,26.417,26.247,26.897,25.252,26.628,26.538,26.141,25.951,26.887,25.599,27.097
DEMO-057,0,F-3,10.837,13.049,13.109,11.082,13.199,11.949,11.382,12.251,11.291,12.996,12.125,12.661,11.714,12.081,11.662,11.428,12.031,11.993,11.037,13.155,11.927,12.815,12.994,11.69,11.793,12.15,11.331,11.15,11.426,13.043,12.19,11.802,11.166,11.592,11.712
DEMO-058,0,F-3,14.8,13.998,14.371,14.444,13.418,14.772,15.12,14.34,13.977,13.204,14.708,13.206,14.529,13.972,15.001,14.101,14.34,12.941,12.881,14.832,15.068,14.404,14.634,13.79,14.822,13.355,14.497,12.822,14.014,13.696,14.283,14.4,14.28,13.96,13.971
DEMO-059,0,F-3,14.816,16.124,14.828,16.071,15.459,17.146,14.841,16.752,16.418,16.735,16.983,15.057,15.031,15.157,15.261,16.063,16.757,15.442,15.753,15.695,15.774,16.156,17.177,15.342,16.442,16.835,16.369,16.86,16.623,15.024,15.71,16.126,14.935,14.823,15.211
DEMO-060,0,F-3,18.0,17.841,18.683,18.158,18.859,17.029,18.068,16.902,17.307,18.883,18.93,17.941,16.912,16.978,19.021,18.958,18.152,16.879,19.029,17.555,19.108,18.209,18.605,18.511,17.756,16.985,17.19,17.377,18.803,17.734,18.952,17.596,18.613,17.136,19.172
